mean,percentiles
159.71140869214506,"[0.0, 0.0, 23.1694916777069, 275.48685069783824, 407.48685069783824, 453.48685069783824]"
